{
"lengthUnit": "mil",
"components": {
	"fields": ["COMPONENT_NO", "COMPONENT_NAME", "LAYER", "X_COORDINATE", "Y_COORDINATE", "ANGLE"],
	"rows": [
		[1, "1 Hz / 10 Hz", "T", 2770, -3790.44, 0],
		[2, "1K", "T", 1590, -3130, 180],
		[3, "1K*4", "T", 2625.23, -710, 90],
		[4, "1K*4N1", "T", 3142.17, -710, 90],
		[5, "74HC10", "T", 2340, -1650, 0],
		[6, "74HC14", "T", 740, -3365, 0],
		[7, "74HC32", "T", 2343.07, -1040, 0],
		[8, "74HC595", "T", 3250, -1040, 0],
		[9, "74HC595N1", "T", 3250, -1650, 0],
		[10, "%E6%89%8B%E5%8A%A8 / %E8%87%AA%E5%8A%A8", "T", 2305, -3790, 0],
		[11, "A", "T", 1040, -515, 270],
		[12, "ADD", "T", 1620, -1445, 270],
		[13, "B", "T", 1040, -1446.72, 270],
		[14, "C1", "T", 1880, -3765, 90],
		[15, "C2", "T", 1880, -3490, 0],
		[16, "C3", "T", 2770, -3490, 0],
		[17, "C4", "T", 1492.5, -2782.5, 0],
		[18, "C5", "T", 1492.5, -2877.5, 0],
		[19, "LED1", "T", 3172.69, -3030, 90],
		[20, "LED2", "T", 3035.77, -3030, 90],
		[21, "LED3", "T", 2898.84, -3030, 90],
		[22, "LED4", "T", 2761.92, -3030, 90],
		[23, "LED6", "T", 2543.07, -355, 0],
		[24, "LED7", "T", 3060, -355, 0],
		[25, "MANUAL", "T", 1000, -3745, 0],
		[26, "ON  /  OFF", "T", 138.2, -3090, 90],
		[27, "OUT", "T", 3865, -2135, 90],
		[28, "OUTN1", "T", 1045, -2373.43, 270],
		[29, "PC", "T", 445, -2373.43, 270],
		[30, "PWR", "T", 1780, -3130, 180],
		[31, "R1", "T", 1475, -3682.5, 0],
		[32, "R2", "T", 3235, -3543.33, 0],
		[33, "R3", "T", 1475, -3815, 0],
		[34, "R4", "T", 1475, -3285, 0],
		[35, "R5", "T", 3235, -3681.67, 0],
		[36, "R6", "T", 3235, -3820, 0],
		[37, "R7", "T", 2304.99, -3550, 0],
		[38, "R8", "T", 1475, -3550, 0],
		[39, "R9", "T", 1475, -3417.5, 180],
		[40, "R10", "T", 2304.99, -3415, 0],
		[41, "R11", "T", 3235, -3405, 0],
		[42, "R12", "T", 2761.52, -2580, 90],
		[43, "R13", "T", 2898.45, -2580, 90],
		[44, "R14", "T", 3035.37, -2580, 90],
		[45, "R15", "T", 3172.3, -2580, 90],
		[46, "R16", "T", 3720, -2580, 90],
		[47, "R17", "T", 3583.07, -2580, 90],
		[48, "R18", "T", 3446.15, -2580, 90],
		[49, "R19", "T", 3309.22, -2580, 90],
		[50, "R20", "T", 2395, -710, 90],
		[51, "R22", "T", 2920, -710, 90],
		[52, "RegA", "T", 445, -515, 270],
		[53, "RegB", "T", 445, -1446.72, 270],
		[54, "RESET", "T", 505, -3745, 0],
		[55, "SW1", "T", 3495, -3035, 0],
		[56, "U2", "T", 1770, -430, 0],
		[57, "U6", "T", 1400, -3005, 0],
		[58, "U7", "T", 65, -2673.43, 270],
		[59, "USB1", "T", 165, -3535, 270]
	]
},
"pins": {
	"fields": ["PIN_NO", "PIN_NAME", "PIN_X", "PIN_Y", "LAYER", "PIN_TYPE", "NET_NAME", "NET_TYPE", "PAD_SHAPE", "PAD_SIZEX", "PAD_SIZEY", "HOLE_SIZE", "PAD_ANGLE"],
	"rows": [
		[1, "1 Hz / 10 Hz_1", 2671.58, -3790.44, "T", "DIP", "$1N12955", "", "C", 60, 60, 36, 0],
		[2, "1 Hz / 10 Hz_1", 2671.58, -3790.44, "B", "DIP", "$1N12955", "", "C", 60, 60, 36, 0],
		[3, "1 Hz / 10 Hz_2", 2769.99, -3790.44, "T", "DIP", "$1N9808", "", "C", 60, 60, 36, 0],
		[4, "1 Hz / 10 Hz_2", 2769.99, -3790.44, "B", "DIP", "$1N9808", "", "C", 60, 60, 36, 0],
		[5, "1 Hz / 10 Hz_3", 2868.42, -3790.44, "T", "DIP", "$1N12949", "", "C", 60, 60, 36, 0],
		[6, "1 Hz / 10 Hz_3", 2868.42, -3790.44, "B", "DIP", "$1N12949", "", "C", 60, 60, 36, 0],
		[7, "1K_1", 1629.37, -3130, "T", "SMD", "$1N30627", "", "R", 44.59, 54.21, 0, 180],
		[8, "1K_2", 1550.63, -3130, "T", "SMD", "+5V", "", "R", 44.59, 54.21, 0, 180],
		[9, "1K*4_1", 2576.02, -741.5, "T", "SMD", "LEDA1", "", "R", 29.53, 27.56, 0, 90],
		[10, "1K*4_2", 2609.48, -741.5, "T", "SMD", "LEDB1", "", "R", 29.53, 23.62, 0, 90],
		[11, "1K*4_3", 2640.98, -741.5, "T", "SMD", "LEDC1", "", "R", 29.53, 23.62, 0, 90],
		[12, "1K*4_4", 2674.44, -741.5, "T", "SMD", "LEDH1", "", "R", 29.53, 29.53, 0, 90],
		[13, "1K*4_5", 2674.44, -678.5, "T", "SMD", "$1N34063", "", "R", 29.53, 27.56, 0, 90],
		[14, "1K*4_6", 2640.98, -678.5, "T", "SMD", "$1N34029", "", "R", 29.53, 23.62, 0, 90],
		[15, "1K*4_7", 2609.48, -678.5, "T", "SMD", "$1N34011", "", "R", 29.53, 23.62, 0, 90],
		[16, "1K*4_8", 2576.02, -678.5, "T", "SMD", "$1N34000", "", "R", 29.53, 27.56, 0, 90],
		[17, "1K*4N1_1", 3092.96, -741.5, "T", "SMD", "LEDA2", "", "R", 29.53, 27.56, 0, 90],
		[18, "1K*4N1_2", 3126.42, -741.5, "T", "SMD", "LEDB2", "", "R", 29.53, 23.62, 0, 90],
		[19, "1K*4N1_3", 3157.92, -741.5, "T", "SMD", "LEDC2", "", "R", 29.53, 23.62, 0, 90],
		[20, "1K*4N1_4", 3191.38, -741.5, "T", "SMD", "LEDH2", "", "R", 29.53, 29.53, 0, 90],
		[21, "1K*4N1_5", 3191.38, -678.5, "T", "SMD", "$1N35703", "", "R", 29.53, 27.56, 0, 90],
		[22, "1K*4N1_6", 3157.92, -678.5, "T", "SMD", "$1N35696", "", "R", 29.53, 23.62, 0, 90],
		[23, "1K*4N1_7", 3126.42, -678.5, "T", "SMD", "$1N35689", "", "R", 29.53, 23.62, 0, 90],
		[24, "1K*4N1_8", 3092.96, -678.5, "T", "SMD", "$1N35683", "", "R", 29.53, 27.56, 0, 90],
		[25, "74HC10_1", 2040, -1800, "T", "DIP", "+5V", "", "R", 60, 60, 36, 0],
		[26, "74HC10_1", 2040, -1800, "B", "DIP", "+5V", "", "R", 60, 60, 36, 0],
		[27, "74HC10_2", 2140, -1800, "T", "DIP", "+5V", "", "C", 60, 60, 36, 0],
		[28, "74HC10_2", 2140, -1800, "B", "DIP", "+5V", "", "C", 60, 60, 36, 0],
		[29, "74HC10_3", 2240, -1800, "T", "DIP", "+5V", "", "C", 60, 60, 36, 0],
		[30, "74HC10_3", 2240, -1800, "B", "DIP", "+5V", "", "C", 60, 60, 36, 0],
		[31, "74HC10_4", 2340, -1800, "T", "DIP", "$1N14761", "", "C", 60, 60, 36, 0],
		[32, "74HC10_4", 2340, -1800, "B", "DIP", "$1N14761", "", "C", 60, 60, 36, 0],
		[33, "74HC10_5", 2440, -1800, "T", "DIP", "D7", "", "C", 60, 60, 36, 0],
		[34, "74HC10_5", 2440, -1800, "B", "DIP", "D7", "", "C", 60, 60, 36, 0],
		[35, "74HC10_6", 2540, -1800, "T", "DIP", "$1N14608", "", "C", 60, 60, 36, 0],
		[36, "74HC10_6", 2540, -1800, "B", "DIP", "$1N14608", "", "C", 60, 60, 36, 0],
		[37, "74HC10_7", 2640, -1800, "T", "DIP", "GND", "GND", "C", 60, 60, 36, 0],
		[38, "74HC10_7", 2640, -1800, "B", "DIP", "GND", "GND", "C", 60, 60, 36, 0],
		[39, "74HC10_8", 2640, -1500, "T", "DIP", "$1N14785", "", "C", 60, 60, 36, 0],
		[40, "74HC10_8", 2640, -1500, "B", "DIP", "$1N14785", "", "C", 60, 60, 36, 0],
		[41, "74HC10_9", 2540, -1500, "T", "DIP", "D6", "", "C", 60, 60, 36, 0],
		[42, "74HC10_9", 2540, -1500, "B", "DIP", "D6", "", "C", 60, 60, 36, 0],
		[43, "74HC10_10", 2440, -1500, "T", "DIP", "D7", "", "C", 60, 60, 36, 0],
		[44, "74HC10_10", 2440, -1500, "B", "DIP", "D7", "", "C", 60, 60, 36, 0],
		[45, "74HC10_11", 2340, -1500, "T", "DIP", "$1N14754", "", "C", 60, 60, 36, 0],
		[46, "74HC10_11", 2340, -1500, "B", "DIP", "$1N14754", "", "C", 60, 60, 36, 0],
		[47, "74HC10_12", 2240, -1500, "T", "DIP", "$1N14761", "", "C", 60, 60, 36, 0],
		[48, "74HC10_12", 2240, -1500, "B", "DIP", "$1N14761", "", "C", 60, 60, 36, 0],
		[49, "74HC10_13", 2140, -1500, "T", "DIP", "D6", "", "C", 60, 60, 36, 0],
		[50, "74HC10_13", 2140, -1500, "B", "DIP", "D6", "", "C", 60, 60, 36, 0],
		[51, "74HC10_14", 2040, -1500, "T", "DIP", "+5V", "", "C", 60, 60, 36, 0],
		[52, "74HC10_14", 2040, -1500, "B", "DIP", "+5V", "", "C", 60, 60, 36, 0],
		[53, "74HC14_1", 440, -3515, "T", "DIP", "74HC14_1", "", "R", 60, 60, 36, 0],
		[54, "74HC14_1", 440, -3515, "B", "DIP", "74HC14_1", "", "R", 60, 60, 36, 0],
		[55, "74HC14_2", 540, -3515, "T", "DIP", "74HC14_2", "", "C", 60, 60, 36, 0],
		[56, "74HC14_2", 540, -3515, "B", "DIP", "74HC14_2", "", "C", 60, 60, 36, 0],
		[57, "74HC14_3", 640, -3515, "T", "DIP", "$1N9954", "", "C", 60, 60, 36, 0],
		[58, "74HC14_3", 640, -3515, "B", "DIP", "$1N9954", "", "C", 60, 60, 36, 0],
		[59, "74HC14_4", 740, -3515, "T", "DIP", "$1N9958", "", "C", 60, 60, 36, 0],
		[60, "74HC14_4", 740, -3515, "B", "DIP", "$1N9958", "", "C", 60, 60, 36, 0],
		[61, "74HC14_5", 840, -3515, "T", "DIP", "$1N9958", "", "C", 60, 60, 36, 0],
		[62, "74HC14_5", 840, -3515, "B", "DIP", "$1N9958", "", "C", 60, 60, 36, 0],
		[63, "74HC14_6", 940, -3515, "T", "DIP", "$1N9962", "", "C", 60, 60, 36, 0],
		[64, "74HC14_6", 940, -3515, "B", "DIP", "$1N9962", "", "C", 60, 60, 36, 0],
		[65, "74HC14_7", 1040, -3515, "T", "DIP", "GND", "GND", "C", 60, 60, 36, 0],
		[66, "74HC14_7", 1040, -3515, "B", "DIP", "GND", "GND", "C", 60, 60, 36, 0],
		[67, "74HC14_8", 1040, -3215, "T", "DIP", "$1N13155", "", "C", 60, 60, 36, 0],
		[68, "74HC14_8", 1040, -3215, "B", "DIP", "$1N13155", "", "C", 60, 60, 36, 0],
		[69, "74HC14_9", 940, -3215, "T", "DIP", "5Y", "", "C", 60, 60, 36, 0],
		[70, "74HC14_9", 940, -3215, "B", "DIP", "5Y", "", "C", 60, 60, 36, 0],
		[71, "74HC14_10", 840, -3215, "T", "DIP", "5Y", "", "C", 60, 60, 36, 0],
		[72, "74HC14_10", 840, -3215, "B", "DIP", "5Y", "", "C", 60, 60, 36, 0],
		[73, "74HC14_11", 740, -3215, "T", "DIP", "5A", "", "C", 60, 60, 36, 0],
		[74, "74HC14_11", 740, -3215, "B", "DIP", "5A", "", "C", 60, 60, 36, 0],
		[75, "74HC14_12", 640, -3215, "T", "DIP", "$1N13114", "", "C", 60, 60, 36, 0],
		[76, "74HC14_12", 640, -3215, "B", "DIP", "$1N13114", "", "C", 60, 60, 36, 0],
		[77, "74HC14_13", 540, -3215, "T", "DIP", "$1N12905", "", "C", 60, 60, 36, 0],
		[78, "74HC14_13", 540, -3215, "B", "DIP", "$1N12905", "", "C", 60, 60, 36, 0],
		[79, "74HC14_14", 440, -3215, "T", "DIP", "+5V", "", "C", 60, 60, 36, 0],
		[80, "74HC14_14", 440, -3215, "B", "DIP", "+5V", "", "C", 60, 60, 36, 0],
		[81, "74HC32_1", 2043.07, -1190, "T", "DIP", "$1N11340", "", "R", 60, 60, 36, 0],
		[82, "74HC32_1", 2043.07, -1190, "B", "DIP", "$1N11340", "", "R", 60, 60, 36, 0],
		[83, "74HC32_2", 2143.07, -1190, "T", "DIP", "D4", "", "C", 60, 60, 36, 0],
		[84, "74HC32_2", 2143.07, -1190, "B", "DIP", "D4", "", "C", 60, 60, 36, 0],
		[85, "74HC32_3", 2243.07, -1190, "T", "DIP", "$1N14754", "", "C", 60, 60, 36, 0],
		[86, "74HC32_3", 2243.07, -1190, "B", "DIP", "$1N14754", "", "C", 60, 60, 36, 0],
		[87, "74HC32_4", 2343.07, -1190, "T", "DIP", "D4", "", "C", 60, 60, 36, 0],
		[88, "74HC32_4", 2343.07, -1190, "B", "DIP", "D4", "", "C", 60, 60, 36, 0],
		[89, "74HC32_5", 2443.07, -1190, "T", "DIP", "D7", "", "C", 60, 60, 36, 0],
		[90, "74HC32_5", 2443.07, -1190, "B", "DIP", "D7", "", "C", 60, 60, 36, 0],
		[91, "74HC32_6", 2543.07, -1190, "T", "DIP", "$1N14668", "", "C", 60, 60, 36, 0],
		[92, "74HC32_6", 2543.07, -1190, "B", "DIP", "$1N14668", "", "C", 60, 60, 36, 0],
		[93, "74HC32_7", 2643.07, -1190, "T", "DIP", "GND", "GND", "C", 60, 60, 36, 0],
		[94, "74HC32_7", 2643.07, -1190, "B", "DIP", "GND", "GND", "C", 60, 60, 36, 0],
		[95, "74HC32_8", 2643.07, -890, "T", "DIP", "$1N14858", "", "C", 60, 60, 36, 0],
		[96, "74HC32_8", 2643.07, -890, "B", "DIP", "$1N14858", "", "C", 60, 60, 36, 0],
		[97, "74HC32_9", 2543.07, -890, "T", "DIP", "D6", "", "C", 60, 60, 36, 0],
		[98, "74HC32_9", 2543.07, -890, "B", "DIP", "D6", "", "C", 60, 60, 36, 0],
		[99, "74HC32_10", 2443.07, -890, "T", "DIP", "D7", "", "C", 60, 60, 36, 0],
		[100, "74HC32_10", 2443.07, -890, "B", "DIP", "D7", "", "C", 60, 60, 36, 0],
		[101, "74HC32_11", 2343.07, -890, "T", "DIP", "$1N14897", "", "C", 60, 60, 36, 0],
		[102, "74HC32_11", 2343.07, -890, "B", "DIP", "$1N14897", "", "C", 60, 60, 36, 0],
		[103, "74HC32_12", 2243.07, -890, "T", "DIP", "$1N14761", "", "C", 60, 60, 36, 0],
		[104, "74HC32_12", 2243.07, -890, "B", "DIP", "$1N14761", "", "C", 60, 60, 36, 0],
		[105, "74HC32_13", 2143.07, -890, "T", "DIP", "D7", "", "C", 60, 60, 36, 0],
		[106, "74HC32_13", 2143.07, -890, "B", "DIP", "D7", "", "C", 60, 60, 36, 0],
		[107, "74HC32_14", 2043.07, -890, "T", "DIP", "+5V", "", "C", 60, 60, 36, 0],
		[108, "74HC32_14", 2043.07, -890, "B", "DIP", "+5V", "", "C", 60, 60, 36, 0],
		[109, "74HC595_1", 2900, -1190, "T", "DIP", "LEDB1", "", "R", 55.12, 55.12, 31.5, 0],
		[110, "74HC595_1", 2900, -1190, "B", "DIP", "LEDB1", "", "R", 55.12, 55.12, 31.5, 0],
		[111, "74HC595_2", 3000, -1190, "T", "DIP", "LEDC1", "", "C", 55.12, 55.12, 31.5, 0],
		[112, "74HC595_2", 3000, -1190, "B", "DIP", "LEDC1", "", "C", 55.12, 55.12, 31.5, 0],
		[113, "74HC595_3", 3100, -1190, "T", "DIP", "LEDD1", "", "C", 55.12, 55.12, 31.5, 0],
		[114, "74HC595_3", 3100, -1190, "B", "DIP", "LEDD1", "", "C", 55.12, 55.12, 31.5, 0],
		[115, "74HC595_4", 3200, -1190, "T", "DIP", "LEDA2", "", "C", 55.12, 55.12, 31.5, 0],
		[116, "74HC595_4", 3200, -1190, "B", "DIP", "LEDA2", "", "C", 55.12, 55.12, 31.5, 0],
		[117, "74HC595_5", 3300, -1190, "T", "DIP", "LEDB2", "", "C", 55.12, 55.12, 31.5, 0],
		[118, "74HC595_5", 3300, -1190, "B", "DIP", "LEDB2", "", "C", 55.12, 55.12, 31.5, 0],
		[119, "74HC595_6", 3400, -1190, "T", "DIP", "LEDC2", "", "C", 55.12, 55.12, 31.5, 0],
		[120, "74HC595_6", 3400, -1190, "B", "DIP", "LEDC2", "", "C", 55.12, 55.12, 31.5, 0],
		[121, "74HC595_7", 3500, -1190, "T", "DIP", "LEDD2", "", "C", 55.12, 55.12, 31.5, 0],
		[122, "74HC595_7", 3500, -1190, "B", "DIP", "LEDD2", "", "C", 55.12, 55.12, 31.5, 0],
		[123, "74HC595_8", 3600, -1190, "T", "DIP", "GND", "GND", "C", 55.12, 55.12, 31.5, 0],
		[124, "74HC595_8", 3600, -1190, "B", "DIP", "GND", "GND", "C", 55.12, 55.12, 31.5, 0],
		[125, "74HC595_9", 3600, -890, "T", "DIP", "74HC595_9", "", "C", 55.12, 55.12, 31.5, 0],
		[126, "74HC595_9", 3600, -890, "B", "DIP", "74HC595_9", "", "C", 55.12, 55.12, 31.5, 0],
		[127, "74HC595_10", 3500, -890, "T", "DIP", "$1N9962", "", "C", 55.12, 55.12, 31.5, 0],
		[128, "74HC595_10", 3500, -890, "B", "DIP", "$1N9962", "", "C", 55.12, 55.12, 31.5, 0],
		[129, "74HC595_11", 3400, -890, "T", "DIP", "OUT2", "", "C", 55.12, 55.12, 31.5, 0],
		[130, "74HC595_11", 3400, -890, "B", "DIP", "OUT2", "", "C", 55.12, 55.12, 31.5, 0],
		[131, "74HC595_12", 3300, -890, "T", "DIP", "OUT3", "", "C", 55.12, 55.12, 31.5, 0],
		[132, "74HC595_12", 3300, -890, "B", "DIP", "OUT3", "", "C", 55.12, 55.12, 31.5, 0],
		[133, "74HC595_13", 3200, -890, "T", "DIP", "GND", "GND", "C", 55.12, 55.12, 31.5, 0],
		[134, "74HC595_13", 3200, -890, "B", "DIP", "GND", "GND", "C", 55.12, 55.12, 31.5, 0],
		[135, "74HC595_14", 3100, -890, "T", "DIP", "OUT0", "", "C", 55.12, 55.12, 31.5, 0],
		[136, "74HC595_14", 3100, -890, "B", "DIP", "OUT0", "", "C", 55.12, 55.12, 31.5, 0],
		[137, "74HC595_15", 3000, -890, "T", "DIP", "LEDA1", "", "C", 55.12, 55.12, 31.5, 0],
		[138, "74HC595_15", 3000, -890, "B", "DIP", "LEDA1", "", "C", 55.12, 55.12, 31.5, 0],
		[139, "74HC595_16", 2900, -890, "T", "DIP", "+5V", "", "C", 55.12, 55.12, 31.5, 0],
		[140, "74HC595_16", 2900, -890, "B", "DIP", "+5V", "", "C", 55.12, 55.12, 31.5, 0],
		[141, "74HC595N1_1", 2900, -1800, "T", "DIP", "LEDF1", "", "R", 55.12, 55.12, 31.5, 0],
		[142, "74HC595N1_1", 2900, -1800, "B", "DIP", "LEDF1", "", "R", 55.12, 55.12, 31.5, 0],
		[143, "74HC595N1_2", 3000, -1800, "T", "DIP", "LEDG1", "", "C", 55.12, 55.12, 31.5, 0],
		[144, "74HC595N1_2", 3000, -1800, "B", "DIP", "LEDG1", "", "C", 55.12, 55.12, 31.5, 0],
		[145, "74HC595N1_3", 3100, -1800, "T", "DIP", "LEDH1", "", "C", 55.12, 55.12, 31.5, 0],
		[146, "74HC595N1_3", 3100, -1800, "B", "DIP", "LEDH1", "", "C", 55.12, 55.12, 31.5, 0],
		[147, "74HC595N1_4", 3200, -1800, "T", "DIP", "LEDE2", "", "C", 55.12, 55.12, 31.5, 0],
		[148, "74HC595N1_4", 3200, -1800, "B", "DIP", "LEDE2", "", "C", 55.12, 55.12, 31.5, 0],
		[149, "74HC595N1_5", 3300, -1800, "T", "DIP", "LEDF2", "", "C", 55.12, 55.12, 31.5, 0],
		[150, "74HC595N1_5", 3300, -1800, "B", "DIP", "LEDF2", "", "C", 55.12, 55.12, 31.5, 0],
		[151, "74HC595N1_6", 3400, -1800, "T", "DIP", "LEDG2", "", "C", 55.12, 55.12, 31.5, 0],
		[152, "74HC595N1_6", 3400, -1800, "B", "DIP", "LEDG2", "", "C", 55.12, 55.12, 31.5, 0],
		[153, "74HC595N1_7", 3500, -1800, "T", "DIP", "LEDH2", "", "C", 55.12, 55.12, 31.5, 0],
		[154, "74HC595N1_7", 3500, -1800, "B", "DIP", "LEDH2", "", "C", 55.12, 55.12, 31.5, 0],
		[155, "74HC595N1_8", 3600, -1800, "T", "DIP", "GND", "GND", "C", 55.12, 55.12, 31.5, 0],
		[156, "74HC595N1_8", 3600, -1800, "B", "DIP", "GND", "GND", "C", 55.12, 55.12, 31.5, 0],
		[157, "74HC595N1_9", 3600, -1500, "T", "DIP", "74HC595N1_9", "", "C", 55.12, 55.12, 31.5, 0],
		[158, "74HC595N1_9", 3600, -1500, "B", "DIP", "74HC595N1_9", "", "C", 55.12, 55.12, 31.5, 0],
		[159, "74HC595N1_10", 3500, -1500, "T", "DIP", "$1N9962", "", "C", 55.12, 55.12, 31.5, 0],
		[160, "74HC595N1_10", 3500, -1500, "B", "DIP", "$1N9962", "", "C", 55.12, 55.12, 31.5, 0],
		[161, "74HC595N1_11", 3400, -1500, "T", "DIP", "OUT2", "", "C", 55.12, 55.12, 31.5, 0],
		[162, "74HC595N1_11", 3400, -1500, "B", "DIP", "OUT2", "", "C", 55.12, 55.12, 31.5, 0],
		[163, "74HC595N1_12", 3300, -1500, "T", "DIP", "OUT3", "", "C", 55.12, 55.12, 31.5, 0],
		[164, "74HC595N1_12", 3300, -1500, "B", "DIP", "OUT3", "", "C", 55.12, 55.12, 31.5, 0],
		[165, "74HC595N1_13", 3200, -1500, "T", "DIP", "GND", "GND", "C", 55.12, 55.12, 31.5, 0],
		[166, "74HC595N1_13", 3200, -1500, "B", "DIP", "GND", "GND", "C", 55.12, 55.12, 31.5, 0],
		[167, "74HC595N1_14", 3100, -1500, "T", "DIP", "OUT1", "", "C", 55.12, 55.12, 31.5, 0],
		[168, "74HC595N1_14", 3100, -1500, "B", "DIP", "OUT1", "", "C", 55.12, 55.12, 31.5, 0],
		[169, "74HC595N1_15", 3000, -1500, "T", "DIP", "LEDE1", "", "C", 55.12, 55.12, 31.5, 0],
		[170, "74HC595N1_15", 3000, -1500, "B", "DIP", "LEDE1", "", "C", 55.12, 55.12, 31.5, 0],
		[171, "74HC595N1_16", 2900, -1500, "T", "DIP", "+5V", "", "C", 55.12, 55.12, 31.5, 0],
		[172, "74HC595N1_16", 2900, -1500, "B", "DIP", "+5V", "", "C", 55.12, 55.12, 31.5, 0],
		[173, "%25E6%2589%258B%25E5%258A%25A8 / %25E8%2587%25AA%25E5%258A%25A8_1", 2206.57, -3790, "T", "DIP", "$1N9798", "", "C", 60, 60, 36, 0],
		[174, "%25E6%2589%258B%25E5%258A%25A8 / %25E8%2587%25AA%25E5%258A%25A8_1", 2206.57, -3790, "B", "DIP", "$1N9798", "", "C", 60, 60, 36, 0],
		[175, "%25E6%2589%258B%25E5%258A%25A8 / %25E8%2587%25AA%25E5%258A%25A8_2", 2304.99, -3790, "T", "DIP", "$1N11344", "", "C", 60, 60, 36, 0],
		[176, "%25E6%2589%258B%25E5%258A%25A8 / %25E8%2587%25AA%25E5%258A%25A8_2", 2304.99, -3790, "B", "DIP", "$1N11344", "", "C", 60, 60, 36, 0],
		[177, "%25E6%2589%258B%25E5%258A%25A8 / %25E8%2587%25AA%25E5%258A%25A8_3", 2403.43, -3790, "T", "DIP", "$1N12748", "", "C", 60, 60, 36, 0],
		[178, "%25E6%2589%258B%25E5%258A%25A8 / %25E8%2587%25AA%25E5%258A%25A8_3", 2403.43, -3790, "B", "DIP", "$1N12748", "", "C", 60, 60, 36, 0],
		[179, "A_1", 890, -165, "T", "DIP", "GND", "GND", "R", 55.12, 55.12, 31.5, 270],
		[180, "A_1", 890, -165, "B", "DIP", "GND", "GND", "R", 55.12, 55.12, 31.5, 270],
		[181, "A_2", 890, -265, "T", "DIP", "D5", "", "C", 55.12, 55.12, 31.5, 270],
		[182, "A_2", 890, -265, "B", "DIP", "D5", "", "C", 55.12, 55.12, 31.5, 270],
		[183, "A_3", 890, -365, "T", "DIP", "GND", "GND", "C", 55.12, 55.12, 31.5, 270],
		[184, "A_3", 890, -365, "B", "DIP", "GND", "GND", "C", 55.12, 55.12, 31.5, 270],
		[185, "A_4", 890, -465, "T", "DIP", "IN0", "", "C", 55.12, 55.12, 31.5, 270],
		[186, "A_4", 890, -465, "B", "DIP", "IN0", "", "C", 55.12, 55.12, 31.5, 270],
		[187, "A_5", 890, -565, "T", "DIP", "BIN0", "", "C", 55.12, 55.12, 31.5, 270],
		[188, "A_5", 890, -565, "B", "DIP", "BIN0", "", "C", 55.12, 55.12, 31.5, 270],
		[189, "A_6", 890, -665, "T", "DIP", "AIN0", "", "C", 55.12, 55.12, 31.5, 270],
		[190, "A_6", 890, -665, "B", "DIP", "AIN0", "", "C", 55.12, 55.12, 31.5, 270],
		[191, "A_7", 890, -765, "T", "DIP", "Y1", "", "C", 55.12, 55.12, 31.5, 270],
		[192, "A_7", 890, -765, "B", "DIP", "Y1", "", "C", 55.12, 55.12, 31.5, 270],
		[193, "A_8", 890, -865, "T", "DIP", "GND", "GND", "C", 55.12, 55.12, 31.5, 270],
		[194, "A_8", 890, -865, "B", "DIP", "GND", "GND", "C", 55.12, 55.12, 31.5, 270],
		[195, "A_9", 1190, -865, "T", "DIP", "Y2", "", "C", 55.12, 55.12, 31.5, 270],
		[196, "A_9", 1190, -865, "B", "DIP", "Y2", "", "C", 55.12, 55.12, 31.5, 270],
		[197, "A_10", 1190, -765, "T", "DIP", "AIN1", "", "C", 55.12, 55.12, 31.5, 270],
		[198, "A_10", 1190, -765, "B", "DIP", "AIN1", "", "C", 55.12, 55.12, 31.5, 270],
		[199, "A_11", 1190, -665, "T", "DIP", "BIN1", "", "C", 55.12, 55.12, 31.5, 270],
		[200, "A_11", 1190, -665, "B", "DIP", "BIN1", "", "C", 55.12, 55.12, 31.5, 270],
		[201, "A_12", 1190, -565, "T", "DIP", "IN1", "", "C", 55.12, 55.12, 31.5, 270],
		[202, "A_12", 1190, -565, "B", "DIP", "IN1", "", "C", 55.12, 55.12, 31.5, 270],
		[203, "A_13", 1190, -465, "T", "DIP", "GND", "GND", "C", 55.12, 55.12, 31.5, 270],
		[204, "A_13", 1190, -465, "B", "DIP", "GND", "GND", "C", 55.12, 55.12, 31.5, 270],
		[205, "A_14", 1190, -365, "T", "DIP", "$1N14668", "", "C", 55.12, 55.12, 31.5, 270],
		[206, "A_14", 1190, -365, "B", "DIP", "$1N14668", "", "C", 55.12, 55.12, 31.5, 270],
		[207, "A_15", 1190, -265, "T", "DIP", "GND", "GND", "C", 55.12, 55.12, 31.5, 270],
		[208, "A_15", 1190, -265, "B", "DIP", "GND", "GND", "C", 55.12, 55.12, 31.5, 270],
		[209, "A_16", 1190, -165, "T", "DIP", "+5V", "", "C", 55.12, 55.12, 31.5, 270],
		[210, "A_16", 1190, -165, "B", "DIP", "+5V", "", "C", 55.12, 55.12, 31.5, 270],
		[211, "ADD_1", 1470, -1095, "T", "DIP", "$1N6590", "", "C", 62.99, 62.99, 31.5, 270],
		[212, "ADD_1", 1470, -1095, "B", "DIP", "$1N6590", "", "C", 62.99, 62.99, 31.5, 270],
		[213, "ADD_2", 1470, -1195, "T", "DIP", "D1", "", "C", 62.99, 62.99, 31.5, 270],
		[214, "ADD_2", 1470, -1195, "B", "DIP", "D1", "", "C", 62.99, 62.99, 31.5, 270],
		[215, "ADD_3", 1470, -1295, "T", "DIP", "Y2", "", "C", 62.99, 62.99, 31.5, 270],
		[216, "ADD_3", 1470, -1295, "B", "DIP", "Y2", "", "C", 62.99, 62.99, 31.5, 270],
		[217, "ADD_4", 1470, -1395, "T", "DIP", "$1N6580", "", "C", 62.99, 62.99, 31.5, 270],
		[218, "ADD_4", 1470, -1395, "B", "DIP", "$1N6580", "", "C", 62.99, 62.99, 31.5, 270],
		[219, "ADD_5", 1470, -1495, "T", "DIP", "Y1", "", "C", 62.99, 62.99, 31.5, 270],
		[220, "ADD_5", 1470, -1495, "B", "DIP", "Y1", "", "C", 62.99, 62.99, 31.5, 270],
		[221, "ADD_6", 1470, -1595, "T", "DIP", "D0", "", "C", 62.99, 62.99, 31.5, 270],
		[222, "ADD_6", 1470, -1595, "B", "DIP", "D0", "", "C", 62.99, 62.99, 31.5, 270],
		[223, "ADD_7", 1470, -1695, "T", "DIP", "GND", "GND", "C", 62.99, 62.99, 31.5, 270],
		[224, "ADD_7", 1470, -1695, "B", "DIP", "GND", "GND", "C", 62.99, 62.99, 31.5, 270],
		[225, "ADD_8", 1470, -1795, "T", "DIP", "GND", "GND", "C", 62.99, 62.99, 31.5, 270],
		[226, "ADD_8", 1470, -1795, "B", "DIP", "GND", "GND", "C", 62.99, 62.99, 31.5, 270],
		[227, "ADD_9", 1770, -1795, "T", "DIP", "$1N11263", "", "C", 62.99, 62.99, 31.5, 270],
		[228, "ADD_9", 1770, -1795, "B", "DIP", "$1N11263", "", "C", 62.99, 62.99, 31.5, 270],
		[229, "ADD_10", 1770, -1695, "T", "DIP", "$1N6604", "", "C", 62.99, 62.99, 31.5, 270],
		[230, "ADD_10", 1770, -1695, "B", "DIP", "$1N6604", "", "C", 62.99, 62.99, 31.5, 270],
		[231, "ADD_11", 1770, -1595, "T", "DIP", "D3", "", "C", 62.99, 62.99, 31.5, 270],
		[232, "ADD_11", 1770, -1595, "B", "DIP", "D3", "", "C", 62.99, 62.99, 31.5, 270],
		[233, "ADD_12", 1770, -1495, "T", "DIP", "Y4", "", "C", 62.99, 62.99, 31.5, 270],
		[234, "ADD_12", 1770, -1495, "B", "DIP", "Y4", "", "C", 62.99, 62.99, 31.5, 270],
		[235, "ADD_13", 1770, -1395, "T", "DIP", "$1N6595", "", "C", 62.99, 62.99, 31.5, 270],
		[236, "ADD_13", 1770, -1395, "B", "DIP", "$1N6595", "", "C", 62.99, 62.99, 31.5, 270],
		[237, "ADD_14", 1770, -1295, "T", "DIP", "Y3", "", "C", 62.99, 62.99, 31.5, 270],
		[238, "ADD_14", 1770, -1295, "B", "DIP", "Y3", "", "C", 62.99, 62.99, 31.5, 270],
		[239, "ADD_15", 1770, -1195, "T", "DIP", "D2", "", "C", 62.99, 62.99, 31.5, 270],
		[240, "ADD_15", 1770, -1195, "B", "DIP", "D2", "", "C", 62.99, 62.99, 31.5, 270],
		[241, "ADD_16", 1770, -1095, "T", "DIP", "+5V", "", "C", 62.99, 62.99, 31.5, 270],
		[242, "ADD_16", 1770, -1095, "B", "DIP", "+5V", "", "C", 62.99, 62.99, 31.5, 270],
		[243, "B_1", 890, -1096.72, "T", "DIP", "GND", "GND", "R", 55.12, 55.12, 31.5, 270],
		[244, "B_1", 890, -1096.72, "B", "DIP", "GND", "GND", "R", 55.12, 55.12, 31.5, 270],
		[245, "B_2", 890, -1196.72, "T", "DIP", "D5", "", "C", 55.12, 55.12, 31.5, 270],
		[246, "B_2", 890, -1196.72, "B", "DIP", "D5", "", "C", 55.12, 55.12, 31.5, 270],
		[247, "B_3", 890, -1296.72, "T", "DIP", "GND", "GND", "C", 55.12, 55.12, 31.5, 270],
		[248, "B_3", 890, -1296.72, "B", "DIP", "GND", "GND", "C", 55.12, 55.12, 31.5, 270],
		[249, "B_4", 890, -1396.72, "T", "DIP", "IN2", "", "C", 55.12, 55.12, 31.5, 270],
		[250, "B_4", 890, -1396.72, "B", "DIP", "IN2", "", "C", 55.12, 55.12, 31.5, 270],
		[251, "B_5", 890, -1496.72, "T", "DIP", "BIN2", "", "C", 55.12, 55.12, 31.5, 270],
		[252, "B_5", 890, -1496.72, "B", "DIP", "BIN2", "", "C", 55.12, 55.12, 31.5, 270],
		[253, "B_6", 890, -1596.72, "T", "DIP", "AIN2", "", "C", 55.12, 55.12, 31.5, 270],
		[254, "B_6", 890, -1596.72, "B", "DIP", "AIN2", "", "C", 55.12, 55.12, 31.5, 270],
		[255, "B_7", 890, -1696.72, "T", "DIP", "Y3", "", "C", 55.12, 55.12, 31.5, 270],
		[256, "B_7", 890, -1696.72, "B", "DIP", "Y3", "", "C", 55.12, 55.12, 31.5, 270],
		[257, "B_8", 890, -1796.72, "T", "DIP", "GND", "GND", "C", 55.12, 55.12, 31.5, 270],
		[258, "B_8", 890, -1796.72, "B", "DIP", "GND", "GND", "C", 55.12, 55.12, 31.5, 270],
		[259, "B_9", 1190, -1796.72, "T", "DIP", "Y4", "", "C", 55.12, 55.12, 31.5, 270],
		[260, "B_9", 1190, -1796.72, "B", "DIP", "Y4", "", "C", 55.12, 55.12, 31.5, 270],
		[261, "B_10", 1190, -1696.72, "T", "DIP", "AIN3", "", "C", 55.12, 55.12, 31.5, 270],
		[262, "B_10", 1190, -1696.72, "B", "DIP", "AIN3", "", "C", 55.12, 55.12, 31.5, 270],
		[263, "B_11", 1190, -1596.72, "T", "DIP", "BIN3", "", "C", 55.12, 55.12, 31.5, 270],
		[264, "B_11", 1190, -1596.72, "B", "DIP", "BIN3", "", "C", 55.12, 55.12, 31.5, 270],
		[265, "B_12", 1190, -1496.72, "T", "DIP", "IN3", "", "C", 55.12, 55.12, 31.5, 270],
		[266, "B_12", 1190, -1496.72, "B", "DIP", "IN3", "", "C", 55.12, 55.12, 31.5, 270],
		[267, "B_13", 1190, -1396.72, "T", "DIP", "GND", "GND", "C", 55.12, 55.12, 31.5, 270],
		[268, "B_13", 1190, -1396.72, "B", "DIP", "GND", "GND", "C", 55.12, 55.12, 31.5, 270],
		[269, "B_14", 1190, -1296.72, "T", "DIP", "$1N14668", "", "C", 55.12, 55.12, 31.5, 270],
		[270, "B_14", 1190, -1296.72, "B", "DIP", "$1N14668", "", "C", 55.12, 55.12, 31.5, 270],
		[271, "B_15", 1190, -1196.72, "T", "DIP", "GND", "GND", "C", 55.12, 55.12, 31.5, 270],
		[272, "B_15", 1190, -1196.72, "B", "DIP", "GND", "GND", "C", 55.12, 55.12, 31.5, 270],
		[273, "B_16", 1190, -1096.72, "T", "DIP", "+5V", "", "C", 55.12, 55.12, 31.5, 270],
		[274, "B_16", 1190, -1096.72, "B", "DIP", "+5V", "", "C", 55.12, 55.12, 31.5, 270],
		[275, "C1_1", 1880, -3814.21, "T", "DIP", "$1N9749", "", "C", 55.12, 55.12, 31.5, 90],
		[276, "C1_1", 1880, -3814.21, "B", "DIP", "$1N9749", "", "C", 55.12, 55.12, 31.5, 90],
		[277, "C1_2", 1880, -3715.79, "T", "DIP", "GND", "GND", "C", 55.12, 55.12, 31.5, 90],
		[278, "C1_2", 1880, -3715.79, "B", "DIP", "GND", "GND", "C", 55.12, 55.12, 31.5, 90],
		[279, "C2_1", 1830.79, -3490, "T", "DIP", "$1N9876", "", "C", 55.12, 55.12, 31.5, 0],
		[280, "C2_1", 1830.79, -3490, "B", "DIP", "$1N9876", "", "C", 55.12, 55.12, 31.5, 0],
		[281, "C2_2", 1929.21, -3490, "T", "DIP", "GND", "GND", "C", 55.12, 55.12, 31.5, 0],
		[282, "C2_2", 1929.21, -3490, "B", "DIP", "GND", "GND", "C", 55.12, 55.12, 31.5, 0],
		[283, "C3_1", 2720.79, -3490, "T", "DIP", "$1N13155", "", "C", 55.12, 55.12, 31.5, 0],
		[284, "C3_1", 2720.79, -3490, "B", "DIP", "$1N13155", "", "C", 55.12, 55.12, 31.5, 0],
		[285, "C3_2", 2819.21, -3490, "T", "DIP", "$1N9808", "", "C", 55.12, 55.12, 31.5, 0],
		[286, "C3_2", 2819.21, -3490, "B", "DIP", "$1N9808", "", "C", 55.12, 55.12, 31.5, 0],
		[287, "C4_1", 1455.1, -2782.5, "T", "SMD", "+5V", "", "R", 44.88, 47.24, 0, 0],
		[288, "C4_2", 1529.9, -2782.5, "T", "SMD", "GND", "GND", "R", 44.88, 47.24, 0, 0],
		[289, "C5_1", 1455.1, -2877.5, "T", "SMD", "+5V", "", "R", 44.88, 47.24, 0, 0],
		[290, "C5_2", 1529.9, -2877.5, "T", "SMD", "GND", "GND", "R", 44.88, 47.24, 0, 0],
		[291, "LED1_1", 3172.49, -3075.28, "T", "SMD", "GND", "GND", "R", 39.37, 49.21, 0, 270],
		[292, "LED1_2", 3172.49, -2988.66, "T", "SMD", "$1N4255", "", "R", 39.37, 49.21, 0, 270],
		[293, "LED2_1", 3035.57, -3075.28, "T", "SMD", "GND", "GND", "R", 39.37, 49.21, 0, 270],
		[294, "LED2_2", 3035.57, -2988.66, "T", "SMD", "$1N4259", "", "R", 39.37, 49.21, 0, 270],
		[295, "LED3_1", 2898.64, -3075.28, "T", "SMD", "GND", "GND", "R", 39.37, 49.21, 0, 270],
		[296, "LED3_2", 2898.64, -2988.66, "T", "SMD", "$1N4264", "", "R", 39.37, 49.21, 0, 270],
		[297, "LED4_1", 2761.71, -3075.28, "T", "SMD", "GND", "GND", "R", 39.37, 49.21, 0, 270],
		[298, "LED4_2", 2761.71, -2988.66, "T", "SMD", "$1N4248", "", "R", 39.37, 49.21, 0, 270],
		[299, "LED6_1", 2443.07, -155, "T", "DIP", "+5V", "", "C", 60, 60, 36, 270],
		[300, "LED6_1", 2443.07, -155, "B", "DIP", "+5V", "", "C", 60, 60, 36, 270],
		[301, "LED6_2", 2443.07, -255, "T", "DIP", "$1N33937", "", "C", 60, 60, 36, 270],
		[302, "LED6_2", 2443.07, -255, "B", "DIP", "$1N33937", "", "C", 60, 60, 36, 270],
		[303, "LED6_3", 2443.07, -355, "T", "DIP", "$1N33943", "", "C", 60, 60, 36, 270],
		[304, "LED6_3", 2443.07, -355, "B", "DIP", "$1N33943", "", "C", 60, 60, 36, 270],
		[305, "LED6_4", 2443.07, -455, "T", "DIP", "$1N33953", "", "C", 60, 60, 36, 270],
		[306, "LED6_4", 2443.07, -455, "B", "DIP", "$1N33953", "", "C", 60, 60, 36, 270],
		[307, "LED6_5", 2443.07, -555, "T", "DIP", "$1N33959", "", "C", 60, 60, 36, 270],
		[308, "LED6_5", 2443.07, -555, "B", "DIP", "$1N33959", "", "C", 60, 60, 36, 270],
		[309, "LED6_6", 2643.07, -555, "T", "DIP", "+5V", "", "C", 60, 60, 36, 270],
		[310, "LED6_6", 2643.07, -555, "B", "DIP", "+5V", "", "C", 60, 60, 36, 270],
		[311, "LED6_7", 2643.07, -455, "T", "DIP", "$1N34063", "", "C", 60, 60, 36, 270],
		[312, "LED6_7", 2643.07, -455, "B", "DIP", "$1N34063", "", "C", 60, 60, 36, 270],
		[313, "LED6_8", 2643.07, -355, "T", "DIP", "$1N34029", "", "C", 60, 60, 36, 270],
		[314, "LED6_8", 2643.07, -355, "B", "DIP", "$1N34029", "", "C", 60, 60, 36, 270],
		[315, "LED6_9", 2643.07, -255, "T", "DIP", "$1N34011", "", "C", 60, 60, 36, 270],
		[316, "LED6_9", 2643.07, -255, "B", "DIP", "$1N34011", "", "C", 60, 60, 36, 270],
		[317, "LED6_10", 2643.07, -155, "T", "DIP", "$1N34000", "", "C", 60, 60, 36, 270],
		[318, "LED6_10", 2643.07, -155, "B", "DIP", "$1N34000", "", "C", 60, 60, 36, 270],
		[319, "LED7_1", 2960, -155, "T", "DIP", "+5V", "", "C", 60, 60, 36, 270],
		[320, "LED7_1", 2960, -155, "B", "DIP", "+5V", "", "C", 60, 60, 36, 270],
		[321, "LED7_2", 2960, -255, "T", "DIP", "$1N35657", "", "C", 60, 60, 36, 270],
		[322, "LED7_2", 2960, -255, "B", "DIP", "$1N35657", "", "C", 60, 60, 36, 270],
		[323, "LED7_3", 2960, -355, "T", "DIP", "$1N35663", "", "C", 60, 60, 36, 270],
		[324, "LED7_3", 2960, -355, "B", "DIP", "$1N35663", "", "C", 60, 60, 36, 270],
		[325, "LED7_4", 2960, -455, "T", "DIP", "$1N35669", "", "C", 60, 60, 36, 270],
		[326, "LED7_4", 2960, -455, "B", "DIP", "$1N35669", "", "C", 60, 60, 36, 270],
		[327, "LED7_5", 2960, -555, "T", "DIP", "$1N35676", "", "C", 60, 60, 36, 270],
		[328, "LED7_5", 2960, -555, "B", "DIP", "$1N35676", "", "C", 60, 60, 36, 270],
		[329, "LED7_6", 3160, -555, "T", "DIP", "+5V", "", "C", 60, 60, 36, 270],
		[330, "LED7_6", 3160, -555, "B", "DIP", "+5V", "", "C", 60, 60, 36, 270],
		[331, "LED7_7", 3160, -455, "T", "DIP", "$1N35703", "", "C", 60, 60, 36, 270],
		[332, "LED7_7", 3160, -455, "B", "DIP", "$1N35703", "", "C", 60, 60, 36, 270],
		[333, "LED7_8", 3160, -355, "T", "DIP", "$1N35696", "", "C", 60, 60, 36, 270],
		[334, "LED7_8", 3160, -355, "B", "DIP", "$1N35696", "", "C", 60, 60, 36, 270],
		[335, "LED7_9", 3160, -255, "T", "DIP", "$1N35689", "", "C", 60, 60, 36, 270],
		[336, "LED7_9", 3160, -255, "B", "DIP", "$1N35689", "", "C", 60, 60, 36, 270],
		[337, "LED7_10", 3160, -155, "T", "DIP", "$1N35683", "", "C", 60, 60, 36, 270],
		[338, "LED7_10", 3160, -155, "B", "DIP", "$1N35683", "", "C", 60, 60, 36, 270],
		[339, "MANUAL_1", 900, -3745, "T", "DIP", "GND", "GND", "C", 78.74, 78.74, 47.24, 180],
		[340, "MANUAL_1", 900, -3745, "B", "DIP", "GND", "GND", "C", 78.74, 78.74, 47.24, 180],
		[341, "MANUAL_2", 1100, -3745, "T", "DIP", "$1N9779", "", "C", 78.74, 78.74, 47.24, 180],
		[342, "MANUAL_2", 1100, -3745, "B", "DIP", "$1N9779", "", "C", 78.74, 78.74, 47.24, 180],
		[343, "ON  /  OFF_1", 138.2, -3208.12, "T", "DIP", "ON  /  OFF_1", "", "C", 62.99, 62.99, 39.37, 90],
		[344, "ON  /  OFF_1", 138.2, -3208.12, "B", "DIP", "ON  /  OFF_1", "", "C", 62.99, 62.99, 39.37, 90],
		[345, "ON  /  OFF_2", 138.2, -3090.01, "T", "DIP", "$1N16389", "", "C", 62.99, 62.99, 39.37, 90],
		[346, "ON  /  OFF_2", 138.2, -3090.01, "B", "DIP", "$1N16389", "", "C", 62.99, 62.99, 39.37, 90],
		[347, "ON  /  OFF_3", 138.2, -2971.89, "T", "DIP", "+5V", "", "C", 62.99, 62.99, 39.37, 90],
		[348, "ON  /  OFF_3", 138.2, -2971.89, "B", "DIP", "+5V", "", "C", 62.99, 62.99, 39.37, 90],
		[349, "ON  /  OFF_4", 138.2, -2859.68, "T", "DIP", "GND", "GND", "O", 51.18, 90.55, 70.87, 270],
		[350, "ON  /  OFF_4", 138.2, -2859.68, "B", "DIP", "GND", "GND", "O", 51.18, 90.55, 70.87, 270],
		[351, "ON  /  OFF_5", 138.2, -3320.32, "T", "DIP", "GND", "GND", "O", 51.18, 90.55, 70.87, 270],
		[352, "ON  /  OFF_5", 138.2, -3320.32, "B", "DIP", "GND", "GND", "O", 51.18, 90.55, 70.87, 270],
		[353, "OUT_1", 3865, -2285, "T", "DIP", "OUT0", "", "R", 66.93, 66.93, 43.31, 90],
		[354, "OUT_1", 3865, -2285, "B", "DIP", "OUT0", "", "R", 66.93, 66.93, 43.31, 90],
		[355, "OUT_2", 3865, -2185, "T", "DIP", "OUT1", "", "C", 66.93, 66.93, 43.31, 90],
		[356, "OUT_2", 3865, -2185, "B", "DIP", "OUT1", "", "C", 66.93, 66.93, 43.31, 90],
		[357, "OUT_3", 3865, -2085, "T", "DIP", "OUT2", "", "C", 66.93, 66.93, 43.31, 90],
		[358, "OUT_3", 3865, -2085, "B", "DIP", "OUT2", "", "C", 66.93, 66.93, 43.31, 90],
		[359, "OUT_4", 3865, -1985, "T", "DIP", "OUT3", "", "C", 66.93, 66.93, 43.31, 90],
		[360, "OUT_4", 3865, -1985, "B", "DIP", "OUT3", "", "C", 66.93, 66.93, 43.31, 90],
		[361, "OUTN1_1", 895, -2023.43, "T", "DIP", "$1N9962", "", "R", 55.12, 55.12, 31.5, 270],
		[362, "OUTN1_1", 895, -2023.43, "B", "DIP", "$1N9962", "", "R", 55.12, 55.12, 31.5, 270],
		[363, "OUTN1_2", 895, -2123.43, "T", "DIP", "$1N11344", "", "C", 55.12, 55.12, 31.5, 270],
		[364, "OUTN1_2", 895, -2123.43, "B", "DIP", "$1N11344", "", "C", 55.12, 55.12, 31.5, 270],
		[365, "OUTN1_3", 895, -2223.43, "T", "DIP", "$1N6580", "", "C", 55.12, 55.12, 31.5, 270],
		[366, "OUTN1_3", 895, -2223.43, "B", "DIP", "$1N6580", "", "C", 55.12, 55.12, 31.5, 270],
		[367, "OUTN1_4", 895, -2323.43, "T", "DIP", "$1N6590", "", "C", 55.12, 55.12, 31.5, 270],
		[368, "OUTN1_4", 895, -2323.43, "B", "DIP", "$1N6590", "", "C", 55.12, 55.12, 31.5, 270],
		[369, "OUTN1_5", 895, -2423.43, "T", "DIP", "$1N6595", "", "C", 55.12, 55.12, 31.5, 270],
		[370, "OUTN1_5", 895, -2423.43, "B", "DIP", "$1N6595", "", "C", 55.12, 55.12, 31.5, 270],
		[371, "OUTN1_6", 895, -2523.43, "T", "DIP", "$1N6604", "", "C", 55.12, 55.12, 31.5, 270],
		[372, "OUTN1_6", 895, -2523.43, "B", "DIP", "$1N6604", "", "C", 55.12, 55.12, 31.5, 270],
		[373, "OUTN1_7", 895, -2623.43, "T", "DIP", "GND", "GND", "C", 55.12, 55.12, 31.5, 270],
		[374, "OUTN1_7", 895, -2623.43, "B", "DIP", "GND", "GND", "C", 55.12, 55.12, 31.5, 270],
		[375, "OUTN1_8", 895, -2723.43, "T", "DIP", "GND", "GND", "C", 55.12, 55.12, 31.5, 270],
		[376, "OUTN1_8", 895, -2723.43, "B", "DIP", "GND", "GND", "C", 55.12, 55.12, 31.5, 270],
		[377, "OUTN1_9", 1195, -2723.43, "T", "DIP", "$1N14608", "", "C", 55.12, 55.12, 31.5, 270],
		[378, "OUTN1_9", 1195, -2723.43, "B", "DIP", "$1N14608", "", "C", 55.12, 55.12, 31.5, 270],
		[379, "OUTN1_10", 1195, -2623.43, "T", "DIP", "GND", "GND", "C", 55.12, 55.12, 31.5, 270],
		[380, "OUTN1_10", 1195, -2623.43, "B", "DIP", "GND", "GND", "C", 55.12, 55.12, 31.5, 270],
		[381, "OUTN1_11", 1195, -2523.43, "T", "DIP", "OUT3", "", "C", 55.12, 55.12, 31.5, 270],
		[382, "OUTN1_11", 1195, -2523.43, "B", "DIP", "OUT3", "", "C", 55.12, 55.12, 31.5, 270],
		[383, "OUTN1_12", 1195, -2423.43, "T", "DIP", "OUT2", "", "C", 55.12, 55.12, 31.5, 270],
		[384, "OUTN1_12", 1195, -2423.43, "B", "DIP", "OUT2", "", "C", 55.12, 55.12, 31.5, 270],
		[385, "OUTN1_13", 1195, -2323.43, "T", "DIP", "OUT1", "", "C", 55.12, 55.12, 31.5, 270],
		[386, "OUTN1_13", 1195, -2323.43, "B", "DIP", "OUT1", "", "C", 55.12, 55.12, 31.5, 270],
		[387, "OUTN1_14", 1195, -2223.43, "T", "DIP", "OUT0", "", "C", 55.12, 55.12, 31.5, 270],
		[388, "OUTN1_14", 1195, -2223.43, "B", "DIP", "OUT0", "", "C", 55.12, 55.12, 31.5, 270],
		[389, "OUTN1_15", 1195, -2123.43, "T", "DIP", "OUTN1_15", "", "C", 55.12, 55.12, 31.5, 270],
		[390, "OUTN1_15", 1195, -2123.43, "B", "DIP", "OUTN1_15", "", "C", 55.12, 55.12, 31.5, 270],
		[391, "OUTN1_16", 1195, -2023.43, "T", "DIP", "+5V", "", "C", 55.12, 55.12, 31.5, 270],
		[392, "OUTN1_16", 1195, -2023.43, "B", "DIP", "+5V", "", "C", 55.12, 55.12, 31.5, 270],
		[393, "PC_1", 295, -2023.43, "T", "DIP", "$1N9962", "", "C", 62.99, 62.99, 31.5, 270],
		[394, "PC_1", 295, -2023.43, "B", "DIP", "$1N9962", "", "C", 62.99, 62.99, 31.5, 270],
		[395, "PC_2", 295, -2123.43, "T", "DIP", "$1N11344", "", "C", 62.99, 62.99, 31.5, 270],
		[396, "PC_2", 295, -2123.43, "B", "DIP", "$1N11344", "", "C", 62.99, 62.99, 31.5, 270],
		[397, "PC_3", 295, -2223.43, "T", "DIP", "$1N6580", "", "C", 62.99, 62.99, 31.5, 270],
		[398, "PC_3", 295, -2223.43, "B", "DIP", "$1N6580", "", "C", 62.99, 62.99, 31.5, 270],
		[399, "PC_4", 295, -2323.43, "T", "DIP", "$1N6590", "", "C", 62.99, 62.99, 31.5, 270],
		[400, "PC_4", 295, -2323.43, "B", "DIP", "$1N6590", "", "C", 62.99, 62.99, 31.5, 270],
		[401, "PC_5", 295, -2423.43, "T", "DIP", "$1N6595", "", "C", 62.99, 62.99, 31.5, 270],
		[402, "PC_5", 295, -2423.43, "B", "DIP", "$1N6595", "", "C", 62.99, 62.99, 31.5, 270],
		[403, "PC_6", 295, -2523.43, "T", "DIP", "$1N6604", "", "C", 62.99, 62.99, 31.5, 270],
		[404, "PC_6", 295, -2523.43, "B", "DIP", "$1N6604", "", "C", 62.99, 62.99, 31.5, 270],
		[405, "PC_7", 295, -2623.43, "T", "DIP", "+5V", "", "C", 62.99, 62.99, 31.5, 270],
		[406, "PC_7", 295, -2623.43, "B", "DIP", "+5V", "", "C", 62.99, 62.99, 31.5, 270],
		[407, "PC_8", 295, -2723.43, "T", "DIP", "GND", "GND", "C", 62.99, 62.99, 31.5, 270],
		[408, "PC_8", 295, -2723.43, "B", "DIP", "GND", "GND", "C", 62.99, 62.99, 31.5, 270],
		[409, "PC_9", 595, -2723.43, "T", "DIP", "$1N14785", "", "C", 62.99, 62.99, 31.5, 270],
		[410, "PC_9", 595, -2723.43, "B", "DIP", "$1N14785", "", "C", 62.99, 62.99, 31.5, 270],
		[411, "PC_10", 595, -2623.43, "T", "DIP", "+5V", "", "C", 62.99, 62.99, 31.5, 270],
		[412, "PC_10", 595, -2623.43, "B", "DIP", "+5V", "", "C", 62.99, 62.99, 31.5, 270],
		[413, "PC_11", 595, -2523.43, "T", "DIP", "A3", "", "C", 62.99, 62.99, 31.5, 270],
		[414, "PC_11", 595, -2523.43, "B", "DIP", "A3", "", "C", 62.99, 62.99, 31.5, 270],
		[415, "PC_12", 595, -2423.43, "T", "DIP", "A2", "", "C", 62.99, 62.99, 31.5, 270],
		[416, "PC_12", 595, -2423.43, "B", "DIP", "A2", "", "C", 62.99, 62.99, 31.5, 270],
		[417, "PC_13", 595, -2323.43, "T", "DIP", "A1", "", "C", 62.99, 62.99, 31.5, 270],
		[418, "PC_13", 595, -2323.43, "B", "DIP", "A1", "", "C", 62.99, 62.99, 31.5, 270],
		[419, "PC_14", 595, -2223.43, "T", "DIP", "A0", "", "C", 62.99, 62.99, 31.5, 270],
		[420, "PC_14", 595, -2223.43, "B", "DIP", "A0", "", "C", 62.99, 62.99, 31.5, 270],
		[421, "PC_15", 595, -2123.43, "T", "DIP", "PC_15", "", "C", 62.99, 62.99, 31.5, 270],
		[422, "PC_15", 595, -2123.43, "B", "DIP", "PC_15", "", "C", 62.99, 62.99, 31.5, 270],
		[423, "PC_16", 595, -2023.43, "T", "DIP", "+5V", "", "C", 62.99, 62.99, 31.5, 270],
		[424, "PC_16", 595, -2023.43, "B", "DIP", "+5V", "", "C", 62.99, 62.99, 31.5, 270],
		[425, "PWR_1", 1738.65, -3130, "T", "SMD", "$1N30627", "", "R", 39.37, 55.1, 0, 0],
		[426, "PWR_2", 1821.35, -3130, "T", "SMD", "GND", "GND", "R", 39.37, 55.1, 0, 0],
		[427, "R1_1", 1272.24, -3682.5, "T", "DIP", "$1N9779", "", "C", 60, 60, 39.37, 0],
		[428, "R1_1", 1272.24, -3682.5, "B", "DIP", "$1N9779", "", "C", 60, 60, 39.37, 0],
		[429, "R1_2", 1677.76, -3682.5, "T", "DIP", "+5V", "", "C", 60, 60, 39.37, 0],
		[430, "R1_2", 1677.76, -3682.5, "B", "DIP", "+5V", "", "C", 60, 60, 39.37, 0],
		[431, "R2_1", 3032.24, -3543.33, "T", "DIP", "$1N9808", "", "C", 60, 60, 39.37, 0],
		[432, "R2_1", 3032.24, -3543.33, "B", "DIP", "$1N9808", "", "C", 60, 60, 39.37, 0],
		[433, "R2_2", 3437.76, -3543.33, "T", "DIP", "5A", "", "C", 60, 60, 39.37, 0],
		[434, "R2_2", 3437.76, -3543.33, "B", "DIP", "5A", "", "C", 60, 60, 39.37, 0],
		[435, "R3_1", 1272.24, -3815, "T", "DIP", "$1N9779", "", "C", 60, 60, 39.37, 0],
		[436, "R3_1", 1272.24, -3815, "B", "DIP", "$1N9779", "", "C", 60, 60, 39.37, 0],
		[437, "R3_2", 1677.76, -3815, "T", "DIP", "$1N9749", "", "C", 60, 60, 39.37, 0],
		[438, "R3_2", 1677.76, -3815, "B", "DIP", "$1N9749", "", "C", 60, 60, 39.37, 0],
		[439, "R4_1", 1272.24, -3285, "T", "DIP", "$1N9868", "", "C", 60, 60, 39.37, 0],
		[440, "R4_1", 1272.24, -3285, "B", "DIP", "$1N9868", "", "C", 60, 60, 39.37, 0],
		[441, "R4_2", 1677.76, -3285, "T", "DIP", "+5V", "", "C", 60, 60, 39.37, 0],
		[442, "R4_2", 1677.76, -3285, "B", "DIP", "+5V", "", "C", 60, 60, 39.37, 0],
		[443, "R5_1", 3032.24, -3681.67, "T", "DIP", "$1N12949", "", "C", 60, 60, 39.37, 0],
		[444, "R5_1", 3032.24, -3681.67, "B", "DIP", "$1N12949", "", "C", 60, 60, 39.37, 0],
		[445, "R5_2", 3437.76, -3681.67, "T", "DIP", "5Y", "", "C", 60, 60, 39.37, 0],
		[446, "R5_2", 3437.76, -3681.67, "B", "DIP", "5Y", "", "C", 60, 60, 39.37, 0],
		[447, "R6_1", 3032.24, -3820, "T", "DIP", "$1N12955", "", "C", 60, 60, 39.37, 0],
		[448, "R6_1", 3032.24, -3820, "B", "DIP", "$1N12955", "", "C", 60, 60, 39.37, 0],
		[449, "R6_2", 3437.76, -3820, "T", "DIP", "5Y", "", "C", 60, 60, 39.37, 0],
		[450, "R6_2", 3437.76, -3820, "B", "DIP", "5Y", "", "C", 60, 60, 39.37, 0],
		[451, "R7_1", 2102.23, -3550, "T", "DIP", "$1N9749", "", "C", 60, 60, 39.37, 0],
		[452, "R7_1", 2102.23, -3550, "B", "DIP", "$1N9749", "", "C", 60, 60, 39.37, 0],
		[453, "R7_2", 2507.76, -3550, "T", "DIP", "$1N12905", "", "C", 60, 60, 39.37, 0],
		[454, "R7_2", 2507.76, -3550, "B", "DIP", "$1N12905", "", "C", 60, 60, 39.37, 0],
		[455, "R8_1", 1272.24, -3550, "T", "DIP", "$1N9868", "", "C", 60, 60, 39.37, 0],
		[456, "R8_1", 1272.24, -3550, "B", "DIP", "$1N9868", "", "C", 60, 60, 39.37, 0],
		[457, "R8_2", 1677.76, -3550, "T", "DIP", "$1N9876", "", "C", 60, 60, 39.37, 0],
		[458, "R8_2", 1677.76, -3550, "B", "DIP", "$1N9876", "", "C", 60, 60, 39.37, 0],
		[459, "R9_1", 1677.76, -3417.5, "T", "DIP", "$1N9876", "", "C", 60, 60, 39.37, 180],
		[460, "R9_1", 1677.76, -3417.5, "B", "DIP", "$1N9876", "", "C", 60, 60, 39.37, 180],
		[461, "R9_2", 1272.24, -3417.5, "T", "DIP", "$1N9954", "", "C", 60, 60, 39.37, 180],
		[462, "R9_2", 1272.24, -3417.5, "B", "DIP", "$1N9954", "", "C", 60, 60, 39.37, 180],
		[463, "R10_1", 2102.23, -3415, "T", "DIP", "$1N13114", "", "C", 60, 60, 39.37, 0],
		[464, "R10_1", 2102.23, -3415, "B", "DIP", "$1N13114", "", "C", 60, 60, 39.37, 0],
		[465, "R10_2", 2507.76, -3415, "T", "DIP", "$1N9798", "", "C", 60, 60, 39.37, 0],
		[466, "R10_2", 2507.76, -3415, "B", "DIP", "$1N9798", "", "C", 60, 60, 39.37, 0],
		[467, "R11_1", 3032.24, -3405, "T", "DIP", "$1N13155", "", "C", 60, 60, 39.37, 0],
		[468, "R11_1", 3032.24, -3405, "B", "DIP", "$1N13155", "", "C", 60, 60, 39.37, 0],
		[469, "R11_2", 3437.76, -3405, "T", "DIP", "$1N12748", "", "C", 60, 60, 39.37, 0],
		[470, "R11_2", 3437.76, -3405, "B", "DIP", "$1N12748", "", "C", 60, 60, 39.37, 0],
		[471, "R12_1", 2761.52, -2782.76, "T", "DIP", "$1N4248", "", "C", 60, 60, 39.37, 90],
		[472, "R12_1", 2761.52, -2782.76, "B", "DIP", "$1N4248", "", "C", 60, 60, 39.37, 90],
		[473, "R12_2", 2761.52, -2377.24, "T", "DIP", "OUT3", "", "C", 60, 60, 39.37, 90],
		[474, "R12_2", 2761.52, -2377.24, "B", "DIP", "OUT3", "", "C", 60, 60, 39.37, 90],
		[475, "R13_1", 2898.45, -2782.76, "T", "DIP", "$1N4264", "", "C", 60, 60, 39.37, 90],
		[476, "R13_1", 2898.45, -2782.76, "B", "DIP", "$1N4264", "", "C", 60, 60, 39.37, 90],
		[477, "R13_2", 2898.45, -2377.24, "T", "DIP", "OUT2", "", "C", 60, 60, 39.37, 90],
		[478, "R13_2", 2898.45, -2377.24, "B", "DIP", "OUT2", "", "C", 60, 60, 39.37, 90],
		[479, "R14_1", 3035.37, -2782.76, "T", "DIP", "$1N4259", "", "C", 60, 60, 39.37, 90],
		[480, "R14_1", 3035.37, -2782.76, "B", "DIP", "$1N4259", "", "C", 60, 60, 39.37, 90],
		[481, "R14_2", 3035.37, -2377.24, "T", "DIP", "OUT1", "", "C", 60, 60, 39.37, 90],
		[482, "R14_2", 3035.37, -2377.24, "B", "DIP", "OUT1", "", "C", 60, 60, 39.37, 90],
		[483, "R15_1", 3172.3, -2782.76, "T", "DIP", "$1N4255", "", "C", 60, 60, 39.37, 90],
		[484, "R15_1", 3172.3, -2782.76, "B", "DIP", "$1N4255", "", "C", 60, 60, 39.37, 90],
		[485, "R15_2", 3172.3, -2377.24, "T", "DIP", "OUT0", "", "C", 60, 60, 39.37, 90],
		[486, "R15_2", 3172.3, -2377.24, "B", "DIP", "OUT0", "", "C", 60, 60, 39.37, 90],
		[487, "R16_1", 3720, -2782.76, "T", "DIP", "IN0", "", "C", 60, 60, 39.37, 90],
		[488, "R16_1", 3720, -2782.76, "B", "DIP", "IN0", "", "C", 60, 60, 39.37, 90],
		[489, "R16_2", 3720, -2377.24, "T", "DIP", "GND", "GND", "C", 60, 60, 39.37, 90],
		[490, "R16_2", 3720, -2377.24, "B", "DIP", "GND", "GND", "C", 60, 60, 39.37, 90],
		[491, "R17_1", 3583.07, -2782.76, "T", "DIP", "IN1", "", "C", 60, 60, 39.37, 90],
		[492, "R17_1", 3583.07, -2782.76, "B", "DIP", "IN1", "", "C", 60, 60, 39.37, 90],
		[493, "R17_2", 3583.07, -2377.24, "T", "DIP", "GND", "GND", "C", 60, 60, 39.37, 90],
		[494, "R17_2", 3583.07, -2377.24, "B", "DIP", "GND", "GND", "C", 60, 60, 39.37, 90],
		[495, "R18_1", 3446.15, -2782.76, "T", "DIP", "IN2", "", "C", 60, 60, 39.37, 90],
		[496, "R18_1", 3446.15, -2782.76, "B", "DIP", "IN2", "", "C", 60, 60, 39.37, 90],
		[497, "R18_2", 3446.15, -2377.24, "T", "DIP", "GND", "GND", "C", 60, 60, 39.37, 90],
		[498, "R18_2", 3446.15, -2377.24, "B", "DIP", "GND", "GND", "C", 60, 60, 39.37, 90],
		[499, "R19_1", 3309.22, -2782.76, "T", "DIP", "IN3", "", "C", 60, 60, 39.37, 90],
		[500, "R19_1", 3309.22, -2782.76, "B", "DIP", "IN3", "", "C", 60, 60, 39.37, 90],
		[501, "R19_2", 3309.22, -2377.24, "T", "DIP", "GND", "GND", "C", 60, 60, 39.37, 90],
		[502, "R19_2", 3309.22, -2377.24, "B", "DIP", "GND", "GND", "C", 60, 60, 39.37, 90],
		[503, "R20_1", 2345.79, -741.5, "T", "SMD", "LEDF1", "", "R", 29.53, 27.56, 0, 90],
		[504, "R20_2", 2379.25, -741.5, "T", "SMD", "LEDG1", "", "R", 29.53, 23.62, 0, 90],
		[505, "R20_3", 2410.75, -741.5, "T", "SMD", "LEDE1", "", "R", 29.53, 23.62, 0, 90],
		[506, "R20_4", 2444.21, -741.5, "T", "SMD", "LEDD1", "", "R", 29.53, 29.53, 0, 90],
		[507, "R20_5", 2444.21, -678.5, "T", "SMD", "$1N33959", "", "R", 29.53, 27.56, 0, 90],
		[508, "R20_6", 2410.75, -678.5, "T", "SMD", "$1N33953", "", "R", 29.53, 23.62, 0, 90],
		[509, "R20_7", 2379.25, -678.5, "T", "SMD", "$1N33943", "", "R", 29.53, 23.62, 0, 90],
		[510, "R20_8", 2345.79, -678.5, "T", "SMD", "$1N33937", "", "R", 29.53, 27.56, 0, 90],
		[511, "R22_1", 2870.79, -741.5, "T", "SMD", "LEDF2", "", "R", 29.53, 27.56, 0, 90],
		[512, "R22_2", 2904.25, -741.5, "T", "SMD", "LEDG2", "", "R", 29.53, 23.62, 0, 90],
		[513, "R22_3", 2935.75, -741.5, "T", "SMD", "LEDE2", "", "R", 29.53, 23.62, 0, 90],
		[514, "R22_4", 2969.21, -741.5, "T", "SMD", "LEDD2", "", "R", 29.53, 29.53, 0, 90],
		[515, "R22_5", 2969.21, -678.5, "T", "SMD", "$1N35676", "", "R", 29.53, 27.56, 0, 90],
		[516, "R22_6", 2935.75, -678.5, "T", "SMD", "$1N35669", "", "R", 29.53, 23.62, 0, 90],
		[517, "R22_7", 2904.25, -678.5, "T", "SMD", "$1N35663", "", "R", 29.53, 23.62, 0, 90],
		[518, "R22_8", 2870.79, -678.5, "T", "SMD", "$1N35657", "", "R", 29.53, 27.56, 0, 90],
		[519, "RegA_1", 295, -165, "T", "DIP", "$1N9962", "", "C", 62.99, 62.99, 31.5, 270],
		[520, "RegA_1", 295, -165, "B", "DIP", "$1N9962", "", "C", 62.99, 62.99, 31.5, 270],
		[521, "RegA_2", 295, -265, "T", "DIP", "$1N11344", "", "C", 62.99, 62.99, 31.5, 270],
		[522, "RegA_2", 295, -265, "B", "DIP", "$1N11344", "", "C", 62.99, 62.99, 31.5, 270],
		[523, "RegA_3", 295, -365, "T", "DIP", "$1N6580", "", "C", 62.99, 62.99, 31.5, 270],
		[524, "RegA_3", 295, -365, "B", "DIP", "$1N6580", "", "C", 62.99, 62.99, 31.5, 270],
		[525, "RegA_4", 295, -465, "T", "DIP", "$1N6590", "", "C", 62.99, 62.99, 31.5, 270],
		[526, "RegA_4", 295, -465, "B", "DIP", "$1N6590", "", "C", 62.99, 62.99, 31.5, 270],
		[527, "RegA_5", 295, -565, "T", "DIP", "$1N6595", "", "C", 62.99, 62.99, 31.5, 270],
		[528, "RegA_5", 295, -565, "B", "DIP", "$1N6595", "", "C", 62.99, 62.99, 31.5, 270],
		[529, "RegA_6", 295, -665, "T", "DIP", "$1N6604", "", "C", 62.99, 62.99, 31.5, 270],
		[530, "RegA_6", 295, -665, "B", "DIP", "$1N6604", "", "C", 62.99, 62.99, 31.5, 270],
		[531, "RegA_7", 295, -765, "T", "DIP", "GND", "GND", "C", 62.99, 62.99, 31.5, 270],
		[532, "RegA_7", 295, -765, "B", "DIP", "GND", "GND", "C", 62.99, 62.99, 31.5, 270],
		[533, "RegA_8", 295, -865, "T", "DIP", "GND", "GND", "C", 62.99, 62.99, 31.5, 270],
		[534, "RegA_8", 295, -865, "B", "DIP", "GND", "GND", "C", 62.99, 62.99, 31.5, 270],
		[535, "RegA_9", 595, -865, "T", "DIP", "$1N14858", "", "C", 62.99, 62.99, 31.5, 270],
		[536, "RegA_9", 595, -865, "B", "DIP", "$1N14858", "", "C", 62.99, 62.99, 31.5, 270],
		[537, "RegA_10", 595, -765, "T", "DIP", "GND", "GND", "C", 62.99, 62.99, 31.5, 270],
		[538, "RegA_10", 595, -765, "B", "DIP", "GND", "GND", "C", 62.99, 62.99, 31.5, 270],
		[539, "RegA_11", 595, -665, "T", "DIP", "AIN3", "", "C", 62.99, 62.99, 31.5, 270],
		[540, "RegA_11", 595, -665, "B", "DIP", "AIN3", "", "C", 62.99, 62.99, 31.5, 270],
		[541, "RegA_12", 595, -565, "T", "DIP", "AIN2", "", "C", 62.99, 62.99, 31.5, 270],
		[542, "RegA_12", 595, -565, "B", "DIP", "AIN2", "", "C", 62.99, 62.99, 31.5, 270],
		[543, "RegA_13", 595, -465, "T", "DIP", "AIN1", "", "C", 62.99, 62.99, 31.5, 270],
		[544, "RegA_13", 595, -465, "B", "DIP", "AIN1", "", "C", 62.99, 62.99, 31.5, 270],
		[545, "RegA_14", 595, -365, "T", "DIP", "AIN0", "", "C", 62.99, 62.99, 31.5, 270],
		[546, "RegA_14", 595, -365, "B", "DIP", "AIN0", "", "C", 62.99, 62.99, 31.5, 270],
		[547, "RegA_15", 595, -265, "T", "DIP", "RegA_15", "", "C", 62.99, 62.99, 31.5, 270],
		[548, "RegA_15", 595, -265, "B", "DIP", "RegA_15", "", "C", 62.99, 62.99, 31.5, 270],
		[549, "RegA_16", 595, -165, "T", "DIP", "+5V", "", "C", 62.99, 62.99, 31.5, 270],
		[550, "RegA_16", 595, -165, "B", "DIP", "+5V", "", "C", 62.99, 62.99, 31.5, 270],
		[551, "RegB_1", 295, -1096.72, "T", "DIP", "$1N9962", "", "C", 62.99, 62.99, 31.5, 270],
		[552, "RegB_1", 295, -1096.72, "B", "DIP", "$1N9962", "", "C", 62.99, 62.99, 31.5, 270],
		[553, "RegB_2", 295, -1196.72, "T", "DIP", "$1N11344", "", "C", 62.99, 62.99, 31.5, 270],
		[554, "RegB_2", 295, -1196.72, "B", "DIP", "$1N11344", "", "C", 62.99, 62.99, 31.5, 270],
		[555, "RegB_3", 295, -1296.72, "T", "DIP", "$1N6580", "", "C", 62.99, 62.99, 31.5, 270],
		[556, "RegB_3", 295, -1296.72, "B", "DIP", "$1N6580", "", "C", 62.99, 62.99, 31.5, 270],
		[557, "RegB_4", 295, -1396.72, "T", "DIP", "$1N6590", "", "C", 62.99, 62.99, 31.5, 270],
		[558, "RegB_4", 295, -1396.72, "B", "DIP", "$1N6590", "", "C", 62.99, 62.99, 31.5, 270],
		[559, "RegB_5", 295, -1496.72, "T", "DIP", "$1N6595", "", "C", 62.99, 62.99, 31.5, 270],
		[560, "RegB_5", 295, -1496.72, "B", "DIP", "$1N6595", "", "C", 62.99, 62.99, 31.5, 270],
		[561, "RegB_6", 295, -1596.72, "T", "DIP", "$1N6604", "", "C", 62.99, 62.99, 31.5, 270],
		[562, "RegB_6", 295, -1596.72, "B", "DIP", "$1N6604", "", "C", 62.99, 62.99, 31.5, 270],
		[563, "RegB_7", 295, -1696.72, "T", "DIP", "GND", "GND", "C", 62.99, 62.99, 31.5, 270],
		[564, "RegB_7", 295, -1696.72, "B", "DIP", "GND", "GND", "C", 62.99, 62.99, 31.5, 270],
		[565, "RegB_8", 295, -1796.72, "T", "DIP", "GND", "GND", "C", 62.99, 62.99, 31.5, 270],
		[566, "RegB_8", 295, -1796.72, "B", "DIP", "GND", "GND", "C", 62.99, 62.99, 31.5, 270],
		[567, "RegB_9", 595, -1796.72, "T", "DIP", "$1N14897", "", "C", 62.99, 62.99, 31.5, 270],
		[568, "RegB_9", 595, -1796.72, "B", "DIP", "$1N14897", "", "C", 62.99, 62.99, 31.5, 270],
		[569, "RegB_10", 595, -1696.72, "T", "DIP", "GND", "GND", "C", 62.99, 62.99, 31.5, 270],
		[570, "RegB_10", 595, -1696.72, "B", "DIP", "GND", "GND", "C", 62.99, 62.99, 31.5, 270],
		[571, "RegB_11", 595, -1596.72, "T", "DIP", "BIN3", "", "C", 62.99, 62.99, 31.5, 270],
		[572, "RegB_11", 595, -1596.72, "B", "DIP", "BIN3", "", "C", 62.99, 62.99, 31.5, 270],
		[573, "RegB_12", 595, -1496.72, "T", "DIP", "BIN2", "", "C", 62.99, 62.99, 31.5, 270],
		[574, "RegB_12", 595, -1496.72, "B", "DIP", "BIN2", "", "C", 62.99, 62.99, 31.5, 270],
		[575, "RegB_13", 595, -1396.72, "T", "DIP", "BIN1", "", "C", 62.99, 62.99, 31.5, 270],
		[576, "RegB_13", 595, -1396.72, "B", "DIP", "BIN1", "", "C", 62.99, 62.99, 31.5, 270],
		[577, "RegB_14", 595, -1296.72, "T", "DIP", "BIN0", "", "C", 62.99, 62.99, 31.5, 270],
		[578, "RegB_14", 595, -1296.72, "B", "DIP", "BIN0", "", "C", 62.99, 62.99, 31.5, 270],
		[579, "RegB_15", 595, -1196.72, "T", "DIP", "RegB_15", "", "C", 62.99, 62.99, 31.5, 270],
		[580, "RegB_15", 595, -1196.72, "B", "DIP", "RegB_15", "", "C", 62.99, 62.99, 31.5, 270],
		[581, "RegB_16", 595, -1096.72, "T", "DIP", "+5V", "", "C", 62.99, 62.99, 31.5, 270],
		[582, "RegB_16", 595, -1096.72, "B", "DIP", "+5V", "", "C", 62.99, 62.99, 31.5, 270],
		[583, "RESET_1", 405, -3745, "T", "DIP", "GND", "GND", "C", 78.74, 78.74, 47.24, 180],
		[584, "RESET_1", 405, -3745, "B", "DIP", "GND", "GND", "C", 78.74, 78.74, 47.24, 180],
		[585, "RESET_2", 605, -3745, "T", "DIP", "$1N9868", "", "C", 78.74, 78.74, 47.24, 180],
		[586, "RESET_2", 605, -3745, "B", "DIP", "$1N9868", "", "C", 78.74, 78.74, 47.24, 180],
		[587, "SW1_1", 3345, -3185, "T", "DIP", "+5V", "", "C", 62.99, 62.99, 39.37, 90],
		[588, "SW1_1", 3345, -3185, "B", "DIP", "+5V", "", "C", 62.99, 62.99, 39.37, 90],
		[589, "SW1_2", 3445, -3185, "T", "DIP", "+5V", "", "C", 62.99, 62.99, 39.37, 90],
		[590, "SW1_2", 3445, -3185, "B", "DIP", "+5V", "", "C", 62.99, 62.99, 39.37, 90],
		[591, "SW1_3", 3545, -3185, "T", "DIP", "+5V", "", "C", 62.99, 62.99, 39.37, 90],
		[592, "SW1_3", 3545, -3185, "B", "DIP", "+5V", "", "C", 62.99, 62.99, 39.37, 90],
		[593, "SW1_4", 3645, -3185, "T", "DIP", "+5V", "", "C", 62.99, 62.99, 39.37, 90],
		[594, "SW1_4", 3645, -3185, "B", "DIP", "+5V", "", "C", 62.99, 62.99, 39.37, 90],
		[595, "SW1_5", 3645, -2885, "T", "DIP", "IN0", "", "C", 62.99, 62.99, 39.37, 90],
		[596, "SW1_5", 3645, -2885, "B", "DIP", "IN0", "", "C", 62.99, 62.99, 39.37, 90],
		[597, "SW1_6", 3545, -2885, "T", "DIP", "IN1", "", "C", 62.99, 62.99, 39.37, 90],
		[598, "SW1_6", 3545, -2885, "B", "DIP", "IN1", "", "C", 62.99, 62.99, 39.37, 90],
		[599, "SW1_7", 3445, -2885, "T", "DIP", "IN2", "", "C", 62.99, 62.99, 39.37, 90],
		[600, "SW1_7", 3445, -2885, "B", "DIP", "IN2", "", "C", 62.99, 62.99, 39.37, 90],
		[601, "SW1_8", 3345, -2885, "T", "DIP", "IN3", "", "C", 62.99, 62.99, 39.37, 90],
		[602, "SW1_8", 3345, -2885, "B", "DIP", "IN3", "", "C", 62.99, 62.99, 39.37, 90],
		[603, "U2_1", 1470, -580, "T", "DIP", "$1N9962", "", "R", 60, 60, 36, 0],
		[604, "U2_1", 1470, -580, "B", "DIP", "$1N9962", "", "R", 60, 60, 36, 0],
		[605, "U2_2", 1570, -580, "T", "DIP", "$1N11263", "", "C", 60, 60, 36, 0],
		[606, "U2_2", 1570, -580, "B", "DIP", "$1N11263", "", "C", 60, 60, 36, 0],
		[607, "U2_3", 1670, -580, "T", "DIP", "$1N11344", "", "C", 60, 60, 36, 0],
		[608, "U2_3", 1670, -580, "B", "DIP", "$1N11344", "", "C", 60, 60, 36, 0],
		[609, "U2_4", 1770, -580, "T", "DIP", "+5V", "", "C", 60, 60, 36, 0],
		[610, "U2_4", 1770, -580, "B", "DIP", "+5V", "", "C", 60, 60, 36, 0],
		[611, "U2_5", 1870, -580, "T", "DIP", "U2_5", "", "C", 60, 60, 36, 0],
		[612, "U2_5", 1870, -580, "B", "DIP", "U2_5", "", "C", 60, 60, 36, 0],
		[613, "U2_6", 1970, -580, "T", "DIP", "$1N11340", "", "C", 60, 60, 36, 0],
		[614, "U2_6", 1970, -580, "B", "DIP", "$1N11340", "", "C", 60, 60, 36, 0],
		[615, "U2_7", 2070, -580, "T", "DIP", "GND", "GND", "C", 60, 60, 36, 0],
		[616, "U2_7", 2070, -580, "B", "DIP", "GND", "GND", "C", 60, 60, 36, 0],
		[617, "U2_8", 2070, -280, "T", "DIP", "U2_8", "", "C", 60, 60, 36, 0],
		[618, "U2_8", 2070, -280, "B", "DIP", "U2_8", "", "C", 60, 60, 36, 0],
		[619, "U2_9", 1970, -280, "T", "DIP", "U2_9", "", "C", 60, 60, 36, 0],
		[620, "U2_9", 1970, -280, "B", "DIP", "U2_9", "", "C", 60, 60, 36, 0],
		[621, "U2_10", 1870, -280, "T", "DIP", "U2_10", "", "C", 60, 60, 36, 0],
		[622, "U2_10", 1870, -280, "B", "DIP", "U2_10", "", "C", 60, 60, 36, 0],
		[623, "U2_11", 1770, -280, "T", "DIP", "U2_11", "", "C", 60, 60, 36, 0],
		[624, "U2_11", 1770, -280, "B", "DIP", "U2_11", "", "C", 60, 60, 36, 0],
		[625, "U2_12", 1670, -280, "T", "DIP", "U2_12", "", "C", 60, 60, 36, 0],
		[626, "U2_12", 1670, -280, "B", "DIP", "U2_12", "", "C", 60, 60, 36, 0],
		[627, "U2_13", 1570, -280, "T", "DIP", "U2_13", "", "C", 60, 60, 36, 0],
		[628, "U2_13", 1570, -280, "B", "DIP", "U2_13", "", "C", 60, 60, 36, 0],
		[629, "U2_14", 1470, -280, "T", "DIP", "+5V", "", "C", 60, 60, 36, 0],
		[630, "U2_14", 1470, -280, "B", "DIP", "+5V", "", "C", 60, 60, 36, 0],
		[631, "U6_1", 450, -3005, "T", "DIP", "GND", "GND", "R", 70.87, 70.87, 47.24, 0],
		[632, "U6_1", 450, -3005, "B", "DIP", "GND", "GND", "R", 70.87, 70.87, 47.24, 0],
		[633, "U6_2", 550, -3005, "T", "DIP", "GND", "GND", "C", 70.87, 70.87, 47.24, 0],
		[634, "U6_2", 550, -3005, "B", "DIP", "GND", "GND", "C", 70.87, 70.87, 47.24, 0],
		[635, "U6_3", 650, -3005, "T", "DIP", "Y12", "", "C", 70.87, 70.87, 47.24, 0],
		[636, "U6_3", 650, -3005, "B", "DIP", "Y12", "", "C", 70.87, 70.87, 47.24, 0],
		[637, "U6_4", 750, -3005, "T", "DIP", "Y13", "", "C", 70.87, 70.87, 47.24, 0],
		[638, "U6_4", 750, -3005, "B", "DIP", "Y13", "", "C", 70.87, 70.87, 47.24, 0],
		[639, "U6_5", 850, -3005, "T", "DIP", "Y14", "", "C", 70.87, 70.87, 47.24, 0],
		[640, "U6_5", 850, -3005, "B", "DIP", "Y14", "", "C", 70.87, 70.87, 47.24, 0],
		[641, "U6_6", 950, -3005, "T", "DIP", "Y15", "", "C", 70.87, 70.87, 47.24, 0],
		[642, "U6_6", 950, -3005, "B", "DIP", "Y15", "", "C", 70.87, 70.87, 47.24, 0],
		[643, "U6_7", 1050, -3005, "T", "DIP", "A3", "", "C", 70.87, 70.87, 47.24, 0],
		[644, "U6_7", 1050, -3005, "B", "DIP", "A3", "", "C", 70.87, 70.87, 47.24, 0],
		[645, "U6_8", 1150, -3005, "T", "DIP", "A2", "", "C", 70.87, 70.87, 47.24, 0],
		[646, "U6_8", 1150, -3005, "B", "DIP", "A2", "", "C", 70.87, 70.87, 47.24, 0],
		[647, "U6_9", 1250, -3005, "T", "DIP", "A1", "", "C", 70.87, 70.87, 47.24, 0],
		[648, "U6_9", 1250, -3005, "B", "DIP", "A1", "", "C", 70.87, 70.87, 47.24, 0],
		[649, "U6_10", 1350, -3005, "T", "DIP", "A0", "", "C", 70.87, 70.87, 47.24, 0],
		[650, "U6_10", 1350, -3005, "B", "DIP", "A0", "", "C", 70.87, 70.87, 47.24, 0],
		[651, "U6_11", 1450, -3005, "T", "DIP", "+5V", "", "C", 70.87, 70.87, 47.24, 0],
		[652, "U6_11", 1450, -3005, "B", "DIP", "+5V", "", "C", 70.87, 70.87, 47.24, 0],
		[653, "U6_12", 1550, -3005, "T", "DIP", "+5V", "", "C", 70.87, 70.87, 47.24, 0],
		[654, "U6_12", 1550, -3005, "B", "DIP", "+5V", "", "C", 70.87, 70.87, 47.24, 0],
		[655, "U6_13", 1650, -3005, "T", "DIP", "D7", "", "C", 70.87, 70.87, 47.24, 0],
		[656, "U6_13", 1650, -3005, "B", "DIP", "D7", "", "C", 70.87, 70.87, 47.24, 0],
		[657, "U6_14", 1750, -3005, "T", "DIP", "D6", "", "C", 70.87, 70.87, 47.24, 0],
		[658, "U6_14", 1750, -3005, "B", "DIP", "D6", "", "C", 70.87, 70.87, 47.24, 0],
		[659, "U6_15", 1850, -3005, "T", "DIP", "D5", "", "C", 70.87, 70.87, 47.24, 0],
		[660, "U6_15", 1850, -3005, "B", "DIP", "D5", "", "C", 70.87, 70.87, 47.24, 0],
		[661, "U6_16", 1950, -3005, "T", "DIP", "D4", "", "C", 70.87, 70.87, 47.24, 0],
		[662, "U6_16", 1950, -3005, "B", "DIP", "D4", "", "C", 70.87, 70.87, 47.24, 0],
		[663, "U6_17", 2050, -3005, "T", "DIP", "D3", "", "C", 70.87, 70.87, 47.24, 0],
		[664, "U6_17", 2050, -3005, "B", "DIP", "D3", "", "C", 70.87, 70.87, 47.24, 0],
		[665, "U6_18", 2150, -3005, "T", "DIP", "D2", "", "C", 70.87, 70.87, 47.24, 0],
		[666, "U6_18", 2150, -3005, "B", "DIP", "D2", "", "C", 70.87, 70.87, 47.24, 0],
		[667, "U6_19", 2250, -3005, "T", "DIP", "D1", "", "C", 70.87, 70.87, 47.24, 0],
		[668, "U6_19", 2250, -3005, "B", "DIP", "D1", "", "C", 70.87, 70.87, 47.24, 0],
		[669, "U6_20", 2350, -3005, "T", "DIP", "D0", "", "C", 70.87, 70.87, 47.24, 0],
		[670, "U6_20", 2350, -3005, "B", "DIP", "D0", "", "C", 70.87, 70.87, 47.24, 0],
		[671, "U7_1", 65, -2623.43, "T", "DIP", "GND", "GND", "R", 70.87, 70.87, 39.37, 270],
		[672, "U7_1", 65, -2623.43, "B", "DIP", "GND", "GND", "R", 70.87, 70.87, 39.37, 270],
		[673, "U7_2", 65, -2723.43, "T", "DIP", "$1N16389", "", "C", 70.87, 70.87, 39.37, 270],
		[674, "U7_2", 65, -2723.43, "B", "DIP", "$1N16389", "", "C", 70.87, 70.87, 39.37, 270],
		[675, "USB1_1", 213.23, -3483.82, "T", "SMD", "$1N16389", "", "R", 15.75, 55.12, 0, 270],
		[676, "USB1_2", 213.23, -3509.41, "T", "SMD", "USB1_2", "", "R", 15.75, 55.12, 0, 270],
		[677, "USB1_3", 213.23, -3535, "T", "SMD", "USB1_3", "", "R", 15.75, 55.12, 0, 270],
		[678, "USB1_4", 213.23, -3560.59, "T", "SMD", "USB1_4", "", "R", 15.75, 55.12, 0, 270],
		[679, "USB1_5", 213.23, -3586.18, "T", "SMD", "GND", "GND", "R", 15.75, 55.12, 0, 270],
		[680, "USB1_6", 232.91, -3675.75, "T", "DIP", "GND", "GND", "O", 39.37, 66.93, 51.18, 270],
		[681, "USB1_6", 232.91, -3675.75, "B", "DIP", "GND", "GND", "O", 39.37, 66.93, 51.18, 270],
		[682, "USB1_6", 232.91, -3394.25, "T", "DIP", "GND", "GND", "O", 39.37, 66.93, 51.18, 270],
		[683, "USB1_6", 232.91, -3394.25, "B", "DIP", "GND", "GND", "O", 39.37, 66.93, 51.18, 270],
		[684, "USB1_6", 97.09, -3394.25, "T", "DIP", "GND", "GND", "O", 39.37, 66.93, 51.18, 270],
		[685, "USB1_6", 97.09, -3394.25, "B", "DIP", "GND", "GND", "O", 39.37, 66.93, 51.18, 270],
		[686, "USB1_6", 97.09, -3675.75, "T", "DIP", "GND", "GND", "O", 39.37, 66.93, 51.18, 270],
		[687, "USB1_6", 97.09, -3675.75, "B", "DIP", "GND", "GND", "O", 39.37, 66.93, 51.18, 270]
	]
}
}